{"cameraMode":{"drawMode":0,"name":"Shaded","section":"Shading Mode"},"sceneLighting":false,"audioPlay":false,"sceneViewState":{"m_AlwaysRefresh":false,"showFog":true,"showSkybox":false,"showFlares":true,"showImageEffects":true,"showParticleSystems":true,"showVisualEffectGraphs":true,"m_FxEnabled":true},"in2DMode":false,"pivot":{"x":-0.0000028832509997300805,"y":-0.000005174948455533013,"z":-0.000012605422853084747},"rotation":{"x":-0.10754700750112534,"y":0.6573517918586731,"z":-0.09544454514980316,"w":-0.7395703196525574},"size":0.000017320508050033823,"orthographic":false}