{"cameraMode":{"drawMode":0,"name":"Shaded","section":"Shading Mode"},"sceneLighting":false,"audioPlay":false,"sceneViewState":{"m_AlwaysRefresh":false,"showFog":true,"showSkybox":false,"showFlares":true,"showImageEffects":true,"showParticleSystems":true,"showVisualEffectGraphs":true,"m_FxEnabled":true},"in2DMode":false,"pivot":{"x":0.004958033561706543,"y":0.9620383977890015,"z":-0.06251169741153717},"rotation":{"x":-0.10754700750112534,"y":0.6573517918586731,"z":-0.09544454514980316,"w":-0.7395703196525574},"size":1.477815866470337,"orthographic":false}