{"cameraMode":{"drawMode":0,"name":"Shaded","section":"Shading Mode"},"sceneLighting":false,"audioPlay":false,"sceneViewState":{"m_AlwaysRefresh":false,"showFog":true,"showSkybox":false,"showFlares":true,"showImageEffects":true,"showParticleSystems":true,"showVisualEffectGraphs":true,"m_FxEnabled":true},"in2DMode":false,"pivot":{"x":0.38475990295410159,"y":12.494543075561524,"z":0.3511967658996582},"rotation":{"x":-0.10754700750112534,"y":0.6573517918586731,"z":-0.09544454514980316,"w":-0.7395703196525574},"size":17.75290298461914,"orthographic":false}