{"cameraMode":{"drawMode":0,"name":"Shaded","section":"Shading Mode"},"sceneLighting":false,"audioPlay":false,"sceneViewState":{"m_AlwaysRefresh":false,"showFog":true,"showSkybox":false,"showFlares":true,"showImageEffects":true,"showParticleSystems":true,"showVisualEffectGraphs":true,"m_FxEnabled":true},"in2DMode":false,"pivot":{"x":3.38804292678833,"y":0.21818424761295319,"z":-2.8323662281036379},"rotation":{"x":-0.019390055909752847,"y":0.4177190959453583,"z":-0.008829270489513874,"w":-0.908189594745636},"size":0.000017320508050033823,"orthographic":false}