{"cameraMode":{"drawMode":0,"name":"Shaded","section":"Shading Mode"},"sceneLighting":false,"audioPlay":false,"sceneViewState":{"m_AlwaysRefresh":false,"showFog":true,"showSkybox":false,"showFlares":true,"showImageEffects":true,"showParticleSystems":true,"showVisualEffectGraphs":true,"m_FxEnabled":true},"in2DMode":false,"pivot":{"x":0.000011444091796875,"y":5.516852378845215,"z":0.0000019073486328125},"rotation":{"x":-0.12235096096992493,"y":0.6921671032905579,"z":-0.12081809341907501,"w":-0.7009459137916565},"size":43.49168014526367,"orthographic":false}